id,grade,subject,difficulty,question,answer,teacherSetup,reviewStatus,weekIntroduced,alignedWeeks,standard,session,curriculumId,evidence,sourceUrl
dcss-K-math-position-above,K,Math,1,The ball is above the box. Is it below the box?,No. It is above the box.,,pending,2026-08-10,"2026-08-10, 2026-08-31",K.GSR.8.2,,dcss-fy27-K-math-r11,I can use positional words to describe the location of objects.,https://docs.google.com/document/d/1msfvKEpu6uI_cKTOTdMsm2utf48A_Fu0my-lLQi5V2g/edit
dcss-K-math-position-follow,K,Math,2,Put your hand above your head.,Teacher checks: the hand is above the student’s head.,,pending,2026-08-10,"2026-08-10, 2026-08-31",K.GSR.8.2,,dcss-fy27-K-math-r11,I can use positional words to describe the location of objects.,https://docs.google.com/document/d/1msfvKEpu6uI_cKTOTdMsm2utf48A_Fu0my-lLQi5V2g/edit
dcss-K-math-position-two,K,Math,3,Put one hand beside your head and one above it.,Teacher checks: one hand is beside the head and the other is above it.,,pending,2026-08-10,"2026-08-10, 2026-08-31",K.GSR.8.2,,dcss-fy27-K-math-r11,I can use positional words to describe the location of objects.,https://docs.google.com/document/d/1msfvKEpu6uI_cKTOTdMsm2utf48A_Fu0my-lLQi5V2g/edit
dcss-K-math-length-name,K,Math,1,Point to the longer strip.,Teacher checks: student points to the visibly longer strip.,"Show two strips of clearly different lengths, lined up at one end.",pending,2026-08-17,"2026-08-17, 2026-08-31",K.GSR.8.2,,dcss-fy27-K-math-r12,I can identify which of two objects is longer or shorter.,https://docs.google.com/document/d/1msfvKEpu6uI_cKTOTdMsm2utf48A_Fu0my-lLQi5V2g/edit
dcss-K-math-length-compare,K,Math,2,The red strip is longer than the blue strip. Which is shorter?,The blue strip.,,pending,2026-08-17,"2026-08-17, 2026-08-31",K.GSR.8.2,,dcss-fy27-K-math-r12,I can identify which of two objects is longer or shorter.,https://docs.google.com/document/d/1msfvKEpu6uI_cKTOTdMsm2utf48A_Fu0my-lLQi5V2g/edit
dcss-K-math-length-explain,K,Math,3,Show which strip is shorter. Tell how you know.,Teacher checks: student aligns the ends and identifies the strip that does not reach as far.,Show two strips of different lengths.,pending,2026-08-17,"2026-08-17, 2026-08-31",K.GSR.8.2,,dcss-fy27-K-math-r12,I can identify which of two objects is longer or shorter.,https://docs.google.com/document/d/1msfvKEpu6uI_cKTOTdMsm2utf48A_Fu0my-lLQi5V2g/edit
dcss-K-literacy-letter-m,K,Literacy,1,What letter is this? M,M (em).,,pending,2026-08-03,2026-08-03,,Sessions 1–2,dcss-fy27-K-literacy-r10,ML Unit 1 - Session 1: Introduce Letter Mm,https://docs.google.com/document/d/11MbfvfKtepy68_1l48QRWUf5UycwSLONbMa22Hn4fjM/edit
dcss-K-literacy-letter-match,K,Literacy,2,Which matches M: m or t?,m.,,pending,2026-08-03,2026-08-03,,Sessions 1–2,dcss-fy27-K-literacy-r10,ML Unit 1 - Session 1: Introduce Letter Mm,https://docs.google.com/document/d/11MbfvfKtepy68_1l48QRWUf5UycwSLONbMa22Hn4fjM/edit
dcss-K-literacy-letter-sound,K,Literacy,3,Say the sound for M. Then say a word that starts with it.,Teacher checks: /m/ and a word beginning with /m/.,,pending,2026-08-03,2026-08-03,,Sessions 1–2,dcss-fy27-K-literacy-r10,ML Unit 1 - Session 1: Introduce Letter Mm,https://docs.google.com/document/d/11MbfvfKtepy68_1l48QRWUf5UycwSLONbMa22Hn4fjM/edit
dcss-K-literacy-word-in,K,Literacy,1,Point to “in”: in · is · it,in.,,pending,2026-08-31,2026-08-31,,Sessions 18–22,dcss-fy27-K-literacy-r16,"Weekly Sight Words:  in, is, you, that, it",https://docs.google.com/document/d/11MbfvfKtepy68_1l48QRWUf5UycwSLONbMa22Hn4fjM/edit
dcss-K-literacy-word-you,K,Literacy,2,Find “you” on our word wall.,Teacher checks: student identifies the word “you”.,"Display the five listed sight words: in, is, you, that, it.",pending,2026-08-31,2026-08-31,,Sessions 18–22,dcss-fy27-K-literacy-r16,"Weekly Sight Words:  in, is, you, that, it",https://docs.google.com/document/d/11MbfvfKtepy68_1l48QRWUf5UycwSLONbMa22Hn4fjM/edit
dcss-K-literacy-word-sentence,K,Literacy,3,Say a sentence using “it”.,Teacher checks: a complete spoken thought using “it” meaningfully.,,pending,2026-08-31,2026-08-31,,Sessions 18–22,dcss-fy27-K-literacy-r16,"Weekly Sight Words:  in, is, you, that, it",https://docs.google.com/document/d/11MbfvfKtepy68_1l48QRWUf5UycwSLONbMa22Hn4fjM/edit
dcss-K-science-sky-name,K,Science,1,Name one thing you observed in the day sky.,Teacher checks: response matches a recorded class observation.,Have the class’s day-sky observations available.,pending,2026-08-31,2026-08-31,SKE1,,dcss-fy27-K-science-r16,"I can classify objects according to what is seen in the day sky, night sky, or both.",https://docs.google.com/document/d/1kx-s1ri85_PnmHBcTjBYcud57u-C-Z_4PBV4pWW6TnY/edit
dcss-K-science-sky-sort,K,Science,2,"Sort this sky picture: day, night, or both.",Teacher checks: classification matches the picture and class observations; accept more than one category when justified.,Select a sky picture from the taught lesson with an agreed classification.,pending,2026-08-31,2026-08-31,SKE1,,dcss-fy27-K-science-r16,"I can classify objects according to what is seen in the day sky, night sky, or both.",https://docs.google.com/document/d/1kx-s1ri85_PnmHBcTjBYcud57u-C-Z_4PBV4pWW6TnY/edit
dcss-K-science-sky-compare,K,Science,3,Tell one way our day and night sky pictures differ.,Teacher checks: student describes a visible difference supported by the two pictures.,Display one day-sky and one night-sky picture from the lesson.,pending,2026-08-31,2026-08-31,SKE1,,dcss-fy27-K-science-r16,"I can classify objects according to what is seen in the day sky, night sky, or both.",https://docs.google.com/document/d/1kx-s1ri85_PnmHBcTjBYcud57u-C-Z_4PBV4pWW6TnY/edit
dcss-K-social-studies-citizen-rule,K,Social Studies,1,Tell one classroom rule.,Teacher checks: names an actual classroom rule.,,pending,2026-08-10,2026-08-10,SSKCG1,,dcss-fy27-K-social-studies-r11,I can demonstrate and explain what it means to be a good citizen,https://docs.google.com/document/d/1kx-s1ri85_PnmHBcTjBYcud57u-C-Z_4PBV4pWW6TnY/edit
dcss-K-social-studies-citizen-show,K,Social Studies,2,Show one way to be a good classroom citizen.,Teacher checks: demonstrates behavior consistent with a taught citizenship expectation.,,pending,2026-08-10,2026-08-10,SSKCG1,,dcss-fy27-K-social-studies-r11,I can demonstrate and explain what it means to be a good citizen,https://docs.google.com/document/d/1kx-s1ri85_PnmHBcTjBYcud57u-C-Z_4PBV4pWW6TnY/edit
dcss-K-social-studies-citizen-why,K,Social Studies,3,Choose a classroom rule. Tell how it helps our class.,Teacher checks: connects the rule to a reasonable benefit for the class.,,pending,2026-08-10,2026-08-10,SSKCG1,,dcss-fy27-K-social-studies-r11,I can demonstrate and explain what it means to be a good citizen,https://docs.google.com/document/d/1kx-s1ri85_PnmHBcTjBYcud57u-C-Z_4PBV4pWW6TnY/edit
dcss-1-math-birds-join,1,Math,1,Three birds sit on a branch. Two more join. How many birds now?,5 birds.,,pending,2026-09-07,2026-09-07,1.NR.2.2,,dcss-fy27-1-math-r17,I can solve word problems to 10.,https://docs.google.com/document/d/1eali0q9ry7NXi9EpqyvI--G8BILKclun9I1q6QfoiIk/edit?usp=sharing
dcss-1-math-blocks-left,1,Math,1,You have 8 blocks. Give away 3. How many are left?,5 blocks.,,pending,2026-09-07,2026-09-07,1.NR.2.2,,dcss-fy27-1-math-r17,I can solve word problems to 10.,https://docs.google.com/document/d/1eali0q9ry7NXi9EpqyvI--G8BILKclun9I1q6QfoiIk/edit?usp=sharing
dcss-1-math-ten-partner,1,Math,2,A box holds 10 crayons. It has 6. How many more will fill it?,4 crayons.,,pending,2026-09-07,2026-09-07,1.NR.2.2,,dcss-fy27-1-math-r17,I can solve word problems to 10.,https://docs.google.com/document/d/1eali0q9ry7NXi9EpqyvI--G8BILKclun9I1q6QfoiIk/edit?usp=sharing
dcss-1-math-compare-counters,1,Math,2,Ana has 7 counters. Ben has 4. How many more does Ana have?,3 counters.,,pending,2026-09-07,2026-09-07,1.NR.2.2,,dcss-fy27-1-math-r17,I can solve word problems to 10.,https://docs.google.com/document/d/1eali0q9ry7NXi9EpqyvI--G8BILKclun9I1q6QfoiIk/edit?usp=sharing
dcss-1-math-start-unknown,1,Math,3,Some ducks are in a pond. Two leave. Now there are 4. How many were there at first?,6 ducks.,,pending,2026-09-07,2026-09-07,1.NR.2.2,,dcss-fy27-1-math-r17,I can solve word problems to 10.,https://docs.google.com/document/d/1eali0q9ry7NXi9EpqyvI--G8BILKclun9I1q6QfoiIk/edit?usp=sharing
dcss-1-math-explain-subtraction,1,Math,3,There are 9 apples. We eat 2. How many remain? Tell how you know.,"7 apples. Accept a correct explanation, such as counting back two from nine.",,pending,2026-09-07,2026-09-07,1.NR.2.2,,dcss-fy27-1-math-r17,I can solve word problems to 10.,https://docs.google.com/document/d/1eali0q9ry7NXi9EpqyvI--G8BILKclun9I1q6QfoiIk/edit?usp=sharing
dcss-1-literacy-short-u,1,Literacy,1,Which word has the middle sound /ŭ/: sun or sit?,sun.,,pending,2026-09-07,2026-09-07,,Sessions 22–25,dcss-fy27-1-literacy-r17,I can read words with short vowels.,https://docs.google.com/document/d/1My3sb3tKxDYV9rt3Ixt-amjPZNGV4s5AiW14tNKNSOM/edit
dcss-1-literacy-vowel-identify,1,Literacy,2,Say “bed”. Which vowel makes its middle sound?,"e, making the short /ĕ/ sound.",,pending,2026-09-07,2026-09-07,,Sessions 22–25,dcss-fy27-1-literacy-r17,I can read words with short vowels.,https://docs.google.com/document/d/1My3sb3tKxDYV9rt3Ixt-amjPZNGV4s5AiW14tNKNSOM/edit
dcss-1-literacy-blend-sun,1,Literacy,3,Listen: /s/ /ŭ/ /n/. Blend the sounds. Then change /s/ to /f/.,sun; fun.,,pending,2026-09-07,2026-09-07,,Sessions 22–25,dcss-fy27-1-literacy-r17,I can read words with short vowels.,https://docs.google.com/document/d/1My3sb3tKxDYV9rt3Ixt-amjPZNGV4s5AiW14tNKNSOM/edit
dcss-1-literacy-events-first,1,Literacy,1,Mia picks up a book. She reads it. She closes it. What happened first?,Mia picked up a book.,,pending,2026-09-07,2026-09-07,,Sessions 22–25,dcss-fy27-1-literacy-r17,"I can use details to retell a story using first, next, and last to order events.",https://docs.google.com/document/d/1My3sb3tKxDYV9rt3Ixt-amjPZNGV4s5AiW14tNKNSOM/edit
dcss-1-literacy-events-middle,1,Literacy,2,"Jay gets paper, draws a cat, then hangs the picture. What happened next after getting paper?",Jay drew a cat.,,pending,2026-09-07,2026-09-07,,Sessions 22–25,dcss-fy27-1-literacy-r17,"I can use details to retell a story using first, next, and last to order events.",https://docs.google.com/document/d/1My3sb3tKxDYV9rt3Ixt-amjPZNGV4s5AiW14tNKNSOM/edit
dcss-1-literacy-retell-sequence,1,Literacy,3,"Bo opens a box, takes out a toy, then plays. Retell using first, next, and last.",First Bo opens the box. Next he takes out a toy. Last he plays.,,pending,2026-09-07,2026-09-07,,Sessions 22–25,dcss-fy27-1-literacy-r17,"I can use details to retell a story using first, next, and last to order events.",https://docs.google.com/document/d/1My3sb3tKxDYV9rt3Ixt-amjPZNGV4s5AiW14tNKNSOM/edit
dcss-1-science-plant-need,1,Science,1,Which does a plant need: water or a toy?,Water.,,pending,2026-08-31,2026-08-31,S1L1.b,,dcss-fy27-1-science-r16,"I can compare and contrast the basic needs of plants (air, water, light, nutrients) and animals (air, water, food, shelter).",https://docs.google.com/document/d/1M8CPd5hvu_a28fR_JGTaOHKZCGtNNu0t9SOEUiEwwjI/edit?usp=sharing
dcss-1-science-shared-needs,1,Science,2,Name two needs that plants and animals share.,Air and water.,,pending,2026-08-31,2026-08-31,S1L1.b,,dcss-fy27-1-science-r16,"I can compare and contrast the basic needs of plants (air, water, light, nutrients) and animals (air, water, food, shelter).",https://docs.google.com/document/d/1M8CPd5hvu_a28fR_JGTaOHKZCGtNNu0t9SOEUiEwwjI/edit?usp=sharing
dcss-1-science-needs-compare,1,Science,3,"Our plant list is air, water, light, nutrients. Our animal list is air, water, food, shelter. Which needs appear only on the animal list?",Food and shelter.,,pending,2026-08-31,2026-08-31,S1L1.b,,dcss-fy27-1-science-r16,"I can compare and contrast the basic needs of plants (air, water, light, nutrients) and animals (air, water, food, shelter).",https://docs.google.com/document/d/1M8CPd5hvu_a28fR_JGTaOHKZCGtNNu0t9SOEUiEwwjI/edit?usp=sharing
dcss-1-social-studies-my-state,1,Social Studies,1,What state do you live in?,Teacher checks: the student names their actual state.,,pending,2026-08-17,2026-08-17,SS1G2,,dcss-fy27-1-social-studies-r12,"I can identify and describe my city, county, state, nation, and continent.",https://docs.google.com/document/d/1M8CPd5hvu_a28fR_JGTaOHKZCGtNNu0t9SOEUiEwwjI/edit?usp=sharing
dcss-1-social-studies-city-state,1,Social Studies,2,Name your city and your state.,Teacher checks: both names match the student’s location.,,pending,2026-08-17,2026-08-17,SS1G2,,dcss-fy27-1-social-studies-r12,"I can identify and describe my city, county, state, nation, and continent.",https://docs.google.com/document/d/1M8CPd5hvu_a28fR_JGTaOHKZCGtNNu0t9SOEUiEwwjI/edit?usp=sharing
dcss-1-social-studies-location-nest,1,Social Studies,3,"Put these in order from smaller to larger: nation, city, state.","City, state, nation.",,pending,2026-08-17,2026-08-17,SS1G2,,dcss-fy27-1-social-studies-r12,"I can identify and describe my city, county, state, nation, and continent.",https://docs.google.com/document/d/1M8CPd5hvu_a28fR_JGTaOHKZCGtNNu0t9SOEUiEwwjI/edit?usp=sharing
dcss-2-math-doubles,2,Math,1,Double 6. What number do you get?,12.,,pending,2026-08-17,2026-08-17,2.NR.2.1,,dcss-fy27-2-math-r12,I can use strategies to solve addition problems within 20.,https://docs.google.com/document/d/14GPsTO9yB9a0TDJ9SpeFpIemmlEx1sBO4oAnx-hMQD0/edit?usp=sharing
dcss-2-math-missing-addend,2,Math,2,8 + what number equals 15?,7.,,pending,2026-08-17,2026-08-17,2.NR.2.1,,dcss-fy27-2-math-r12,I can use strategies to solve addition problems within 20.,https://docs.google.com/document/d/14GPsTO9yB9a0TDJ9SpeFpIemmlEx1sBO4oAnx-hMQD0/edit?usp=sharing
dcss-2-math-make-ten,2,Math,3,Find 9 + 7. Explain how making a ten helps.,16. Move 1 from 7 to 9: 10 + 6 = 16.,,pending,2026-08-17,2026-08-17,2.NR.2.1,,dcss-fy27-2-math-r12,I can use strategies to solve addition problems within 20.,https://docs.google.com/document/d/14GPsTO9yB9a0TDJ9SpeFpIemmlEx1sBO4oAnx-hMQD0/edit?usp=sharing
dcss-2-math-subtract-ten,2,Math,1,What is 17 − 10?,7.,,pending,2026-08-24,2026-08-24,2.NR.2.3,,dcss-fy27-2-math-r13,I can use strategies to solve a subtraction problems within 20.,https://docs.google.com/document/d/14GPsTO9yB9a0TDJ9SpeFpIemmlEx1sBO4oAnx-hMQD0/edit?usp=sharing
dcss-2-math-subtraction-unknown,2,Math,2,What number minus 5 equals 8?,13.,,pending,2026-08-24,2026-08-24,2.NR.2.3,,dcss-fy27-2-math-r13,I can use strategies to solve a subtraction problems within 20.,https://docs.google.com/document/d/14GPsTO9yB9a0TDJ9SpeFpIemmlEx1sBO4oAnx-hMQD0/edit?usp=sharing
dcss-2-math-count-up,2,Math,3,Find 14 − 9 by counting up from 9. Explain.,"5. From 9 to 10 is 1, and from 10 to 14 is 4; 1 + 4 = 5.",,pending,2026-08-24,2026-08-24,2.NR.2.3,,dcss-fy27-2-math-r13,I can use strategies to solve a subtraction problems within 20.,https://docs.google.com/document/d/14GPsTO9yB9a0TDJ9SpeFpIemmlEx1sBO4oAnx-hMQD0/edit?usp=sharing
dcss-2-literacy-context-tiny,2,Literacy,1,The tiny box was so small it fit in my hand. What does “tiny” mean?,Very small.,,pending,2026-08-31,2026-08-31,,Sessions 17–21,dcss-fy27-2-literacy-r16,Use context clues to determine the meaning of unknown words.,https://docs.google.com/document/d/1UxVa_1yV4KW1m5x15eQa51i9UZMZJ8hA3rGhq8VUSQA/edit?usp=drive_link
dcss-2-literacy-context-weary,2,Literacy,2,"After walking all day, Eli felt weary and needed a rest. What does “weary” mean?",Tired.,,pending,2026-08-31,2026-08-31,,Sessions 17–21,dcss-fy27-2-literacy-r16,Use context clues to determine the meaning of unknown words.,https://docs.google.com/document/d/1UxVa_1yV4KW1m5x15eQa51i9UZMZJ8hA3rGhq8VUSQA/edit?usp=drive_link
dcss-2-literacy-context-evidence,2,Literacy,3,The path was narrow; only one child could walk along it at a time. What does “narrow” mean? Which clue helps?,Not wide. The clue is that only one child could walk along it at a time.,,pending,2026-08-31,2026-08-31,,Sessions 17–21,dcss-fy27-2-literacy-r16,Use context clues to determine the meaning of unknown words.,https://docs.google.com/document/d/1UxVa_1yV4KW1m5x15eQa51i9UZMZJ8hA3rGhq8VUSQA/edit?usp=drive_link
dcss-2-literacy-compound-parts,2,Literacy,1,What two words make “raincoat”?,rain and coat.,,pending,2026-08-10,2026-08-10,,Sessions 3–7,dcss-fy27-2-literacy-r11,Identify compound words and use them in speech or writing.,https://docs.google.com/document/d/1UxVa_1yV4KW1m5x15eQa51i9UZMZJ8hA3rGhq8VUSQA/edit?usp=drive_link
dcss-2-literacy-compound-build,2,Literacy,2,Put “sun” and “light” together. What compound word do they make?,sunlight.,,pending,2026-08-10,2026-08-10,,Sessions 3–7,dcss-fy27-2-literacy-r11,Identify compound words and use them in speech or writing.,https://docs.google.com/document/d/1UxVa_1yV4KW1m5x15eQa51i9UZMZJ8hA3rGhq8VUSQA/edit?usp=drive_link
dcss-2-literacy-compound-use,2,Literacy,3,Make a compound word from “play” and “ground”. Use it in a sentence.,playground. Teacher checks that the sentence uses “playground” meaningfully.,,pending,2026-08-10,2026-08-10,,Sessions 3–7,dcss-fy27-2-literacy-r11,Identify compound words and use them in speech or writing.,https://docs.google.com/document/d/1UxVa_1yV4KW1m5x15eQa51i9UZMZJ8hA3rGhq8VUSQA/edit?usp=drive_link
dcss-2-science-sky-record,2,Science,1,Name one sky object we tracked in class.,"Teacher checks: a tracked object such as the sun, moon, or stars.",Have the class observation chart available.,pending,2026-09-07,2026-09-07,S2E1,,dcss-fy27-2-science-r17,"I can identify patterns in the sky, including how the sun, moon, and stars appear to move.",https://docs.google.com/document/d/1ebmL99FhxYsOqF9Kt9FBPpr3lgwX5h1U7wL_bfD8DPQ/edit?usp=drive_link
dcss-2-science-sky-pattern,2,Science,2,What pattern can you find in our sky observations?,Teacher checks: the claimed repetition or change is present in the class observation record.,Display a taught sky-observation chart with a visible pattern.,pending,2026-09-07,2026-09-07,S2E1,,dcss-fy27-2-science-r17,"I can identify patterns in the sky, including how the sun, moon, and stars appear to move.",https://docs.google.com/document/d/1ebmL99FhxYsOqF9Kt9FBPpr3lgwX5h1U7wL_bfD8DPQ/edit?usp=drive_link
dcss-2-science-sky-evidence,2,Science,3,Use two observations to explain how a sky object appeared to move.,Teacher checks: the student names an object and compares two recorded positions or times.,Display at least two dated/timed class sky observations.,pending,2026-09-07,2026-09-07,S2E1,,dcss-fy27-2-science-r17,"I can identify patterns in the sky, including how the sun, moon, and stars appear to move.",https://docs.google.com/document/d/1ebmL99FhxYsOqF9Kt9FBPpr3lgwX5h1U7wL_bfD8DPQ/edit?usp=drive_link
dcss-2-social-studies-rules-purpose,2,Social Studies,1,Why does our classroom have rules?,"Teacher checks: an explanation tied to a taught purpose, such as helping people work or live together.",,pending,2026-08-10,2026-08-10,SSIPS,,dcss-fy27-2-social-studies-r11,"I can explain the purpose of government, rules, and laws; identify the roles of the President, Governor, and Mayor; and describe how scarcity affects how and where people live. (Government and Economics)",https://docs.google.com/document/d/1ebmL99FhxYsOqF9Kt9FBPpr3lgwX5h1U7wL_bfD8DPQ/edit?usp=drive_link
dcss-2-social-studies-leader-role,2,Social Studies,2,"Choose President, Governor, or Mayor. Describe the role you learned about.",Teacher checks: the description agrees with the taught role.,Use the class’s taught government-role chart. Do not ask for current officeholders.,pending,2026-08-10,2026-08-10,SSIPS,,dcss-fy27-2-social-studies-r11,"I can explain the purpose of government, rules, and laws; identify the roles of the President, Governor, and Mayor; and describe how scarcity affects how and where people live. (Government and Economics)",https://docs.google.com/document/d/1ebmL99FhxYsOqF9Kt9FBPpr3lgwX5h1U7wL_bfD8DPQ/edit?usp=drive_link
dcss-2-social-studies-scarcity-class,2,Social Studies,3,Our class needs 8 glue sticks but has 5. Suggest a way to share them and explain your choice.,Teacher checks: a workable sharing plan and an explanation of how it addresses limited supplies.,,pending,2026-08-10,2026-08-10,SSIPS,,dcss-fy27-2-social-studies-r11,"I can explain the purpose of government, rules, and laws; identify the roles of the President, Governor, and Mayor; and describe how scarcity affects how and where people live. (Government and Economics)",https://docs.google.com/document/d/1ebmL99FhxYsOqF9Kt9FBPpr3lgwX5h1U7wL_bfD8DPQ/edit?usp=drive_link
dcss-3-math-round-ten,3,Math,1,Round 243 to the nearest ten.,240.,,pending,2026-08-10,2026-08-10,3.NR.1.3,,dcss-fy27-3-math-r11,I can use place value to round numbers.,https://docs.google.com/document/d/1MrnDeF0eZtCBEOeVCIxW-nvY-wBIClp52W8h84gQJMo/edit?usp=drive_link
dcss-3-math-round-hundred,3,Math,2,680 is between 600 and 700. Which hundred is it nearest?,700.,,pending,2026-08-10,2026-08-10,3.NR.1.3,,dcss-fy27-3-math-r11,I can use place value to round numbers.,https://docs.google.com/document/d/1MrnDeF0eZtCBEOeVCIxW-nvY-wBIClp52W8h84gQJMo/edit?usp=drive_link
dcss-3-math-add-hundreds,3,Math,1,What is 300 + 200?,500.,,pending,2026-08-17,2026-08-17,3.NR.1.1,,dcss-fy27-3-math-r12,I can use place value to add three-digit numbers,https://docs.google.com/document/d/1MrnDeF0eZtCBEOeVCIxW-nvY-wBIClp52W8h84gQJMo/edit?usp=drive_link
dcss-3-math-add-explain,3,Math,3,Find 268 + 157. Explain one regrouping step.,"425. For example, 8 + 7 = 15 ones: regroup 10 ones as 1 ten.",,pending,2026-08-17,2026-08-17,3.NR.1.1,,dcss-fy27-3-math-r12,I can use place value to add three-digit numbers,https://docs.google.com/document/d/1MrnDeF0eZtCBEOeVCIxW-nvY-wBIClp52W8h84gQJMo/edit?usp=drive_link
dcss-3-math-subtract-regroup,3,Math,2,Take 118 away from 432. What remains?,314.,,pending,2026-08-24,2026-08-24,3.PAR.2.1,,dcss-fy27-3-math-r13,I can use place value to fluently subtract three digit numbers.,https://docs.google.com/document/d/1MrnDeF0eZtCBEOeVCIxW-nvY-wBIClp52W8h84gQJMo/edit?usp=drive_link
dcss-3-math-subtract-error,3,Math,3,Sam says 402 − 185 = 383. Is Sam correct? Solve and explain how to check.,No. 402 − 185 = 217. Check: 217 + 185 = 402.,,pending,2026-08-24,2026-08-24,3.PAR.2.1,,dcss-fy27-3-math-r13,I can use place value to fluently subtract three digit numbers.,https://docs.google.com/document/d/1MrnDeF0eZtCBEOeVCIxW-nvY-wBIClp52W8h84gQJMo/edit?usp=drive_link
dcss-3-literacy-story-wanted,3,Literacy,1,"Lia wanted to fly her kite, but there was no wind. What did Lia want?",To fly her kite.,,pending,2026-08-24,2026-08-24,,Sessions 13–18,dcss-fy27-3-literacy-r13,"I can summarize a text using Somebody, Wanted, But, So, Then.",https://docs.google.com/document/d/1BqAG1xbs8xnDNwNZWbPr41UB6U4ov496beS3H1DMrZ4/edit?usp=sharing
dcss-3-literacy-story-problem,3,Literacy,2,"Max wanted to draw, but his pencil broke. He sharpened it and finished. What was the problem and solution?",Problem: his pencil broke. Solution: he sharpened it.,,pending,2026-08-24,2026-08-24,,Sessions 13–18,dcss-fy27-3-literacy-r13,"I can summarize a text using Somebody, Wanted, But, So, Then.",https://docs.google.com/document/d/1BqAG1xbs8xnDNwNZWbPr41UB6U4ov496beS3H1DMrZ4/edit?usp=sharing
dcss-3-literacy-summary-five,3,Literacy,3,"Nia wanted to read, but the room was noisy. She moved to a quiet room and read. Summarize using Somebody, Wanted, But, So, Then.","Nia wanted to read, but it was noisy, so she moved to a quiet room; then she read.",,pending,2026-08-24,2026-08-24,,Sessions 13–18,dcss-fy27-3-literacy-r13,"I can summarize a text using Somebody, Wanted, But, So, Then.",https://docs.google.com/document/d/1BqAG1xbs8xnDNwNZWbPr41UB6U4ov496beS3H1DMrZ4/edit?usp=sharing
dcss-3-literacy-transition-first,3,Literacy,1,Which word starts a sequence: first or finally?,first.,,pending,2026-09-07,2026-09-07,,Sessions 25–28,dcss-fy27-3-literacy-r17,"Support students in using transition words during their paragraphs such as; first, then, therefore, as a result, and finally.",https://docs.google.com/document/d/1BqAG1xbs8xnDNwNZWbPr41UB6U4ov496beS3H1DMrZ4/edit?usp=sharing
dcss-3-literacy-transition-result,3,Literacy,2,"The path was flooded. ___, we took another route. Use “as a result” or “first”.",As a result.,,pending,2026-09-07,2026-09-07,,Sessions 25–28,dcss-fy27-3-literacy-r17,"Support students in using transition words during their paragraphs such as; first, then, therefore, as a result, and finally.",https://docs.google.com/document/d/1BqAG1xbs8xnDNwNZWbPr41UB6U4ov496beS3H1DMrZ4/edit?usp=sharing
dcss-3-literacy-transition-write,3,Literacy,3,"Explain making a paper drawing in three steps. Use first, then, and finally.","Teacher checks: three logically ordered steps, with first, then, and finally used appropriately.",,pending,2026-09-07,2026-09-07,,Sessions 25–28,dcss-fy27-3-literacy-r17,"Support students in using transition words during their paragraphs such as; first, then, therefore, as a result, and finally.",https://docs.google.com/document/d/1BqAG1xbs8xnDNwNZWbPr41UB6U4ov496beS3H1DMrZ4/edit?usp=sharing
dcss-3-science-rock-color,3,Science,1,Describe the color of this rock sample.,Teacher checks: the color description matches the sample.,Display a clearly visible rock or mineral sample/photo from the lesson.,pending,2026-08-10,2026-08-10,S3E1a,,dcss-fy27-3-science-r11,"I can accurately identify and describe at least three physical characteristics (e.g., hardness, color, luster, streak, cleavage) for a given rock or mineral sample.",https://docs.google.com/document/d/1ytudSiuwi6Eujh-Lnen9ZpKIHQdDfvXaJILtdtmUi2E/edit?usp=sharing
dcss-3-science-rock-sort,3,Science,2,"These samples are red, gray, red, and gray. How could you sort them by color?",Make a red group with two samples and a gray group with two samples.,,pending,2026-08-10,2026-08-10,S3E1a,,dcss-fy27-3-science-r11,"I can accurately identify and describe at least three physical characteristics (e.g., hardness, color, luster, streak, cleavage) for a given rock or mineral sample.",https://docs.google.com/document/d/1ytudSiuwi6Eujh-Lnen9ZpKIHQdDfvXaJILtdtmUi2E/edit?usp=sharing
dcss-3-science-rock-properties,3,Science,3,Describe three physical characteristics of the sample using our observation notes.,"Teacher checks: three accurate recorded characteristics, such as color, hardness, luster, streak, or cleavage.",Show a studied sample and its class-tested property notes. Do not ask students to perform new tests during play.,pending,2026-08-10,2026-08-10,S3E1a,,dcss-fy27-3-science-r11,"I can accurately identify and describe at least three physical characteristics (e.g., hardness, color, luster, streak, cleavage) for a given rock or mineral sample.",https://docs.google.com/document/d/1ytudSiuwi6Eujh-Lnen9ZpKIHQdDfvXaJILtdtmUi2E/edit?usp=sharing
dcss-3-social-studies-map-equator,3,Social Studies,1,Point to the equator on our map.,Teacher checks: the student identifies the equator on the classroom reference map.,Display the physical/world map used in the lesson.,pending,2026-08-31,2026-08-31,SS3G1,,dcss-fy27-3-social-studies-r16,"I can locate and describe the equator, prime meridian, and lines of latitude and longitude.",https://docs.google.com/document/d/1b0SMCnPQbRFLyVwToc3rFeqns406mwZzcIio_4W0_LQ/edit?usp=drive_link
dcss-3-social-studies-map-meridian,3,Social Studies,2,Locate the prime meridian and describe it using our lesson vocabulary.,Teacher checks: the location and description agree with the taught map reference.,Display the map and vocabulary reference used in class.,pending,2026-08-31,2026-08-31,SS3G1,,dcss-fy27-3-social-studies-r16,"I can locate and describe the equator, prime meridian, and lines of latitude and longitude.",https://docs.google.com/document/d/1b0SMCnPQbRFLyVwToc3rFeqns406mwZzcIio_4W0_LQ/edit?usp=drive_link
dcss-3-social-studies-map-lines,3,Social Studies,3,Show a line of latitude and a line of longitude. Explain a difference using the map.,Teacher checks: both lines are correctly identified and the comparison agrees with the map lesson.,Display the classroom map showing latitude and longitude.,pending,2026-08-31,2026-08-31,SS3G1,,dcss-fy27-3-social-studies-r16,"I can locate and describe the equator, prime meridian, and lines of latitude and longitude.",https://docs.google.com/document/d/1b0SMCnPQbRFLyVwToc3rFeqns406mwZzcIio_4W0_LQ/edit?usp=drive_link
dcss-4-math-digit-value,4,Math,1,"What is the value of the 6 in 46,208?","6,000.",,pending,2026-08-10,2026-08-10,4.NR.1.1,,dcss-fy27-4-math-r13,"I can read and write multi-digit numbers to the hundred thousands place using base 10 numerals and expanded form, and I can recognize and show that a digit in one place has a value ten times greater than the digit to its right based on the relationship between multiplication and division.",https://docs.google.com/document/d/1TAS0QglfVU1PPBwCVThmtjVzBXyJloO4ldCLXgCDX_o/edit?usp=drive_link
dcss-4-math-expanded-form,4,Math,2,"Write 52,406 in expanded form.","50,000 + 2,000 + 400 + 6.",,pending,2026-08-10,2026-08-10,4.NR.1.1,,dcss-fy27-4-math-r13,"I can read and write multi-digit numbers to the hundred thousands place using base 10 numerals and expanded form, and I can recognize and show that a digit in one place has a value ten times greater than the digit to its right based on the relationship between multiplication and division.",https://docs.google.com/document/d/1TAS0QglfVU1PPBwCVThmtjVzBXyJloO4ldCLXgCDX_o/edit?usp=drive_link
dcss-4-math-place-relationship,4,Math,3,"In 55,000, how does the value of the left 5 compare with the value of the right 5? Explain.","50,000 is ten times 5,000 because moving one place left multiplies a digit’s value by ten.",,pending,2026-08-10,2026-08-10,4.NR.1.1,,dcss-fy27-4-math-r13,"I can read and write multi-digit numbers to the hundred thousands place using base 10 numerals and expanded form, and I can recognize and show that a digit in one place has a value ten times greater than the digit to its right based on the relationship between multiplication and division.",https://docs.google.com/document/d/1TAS0QglfVU1PPBwCVThmtjVzBXyJloO4ldCLXgCDX_o/edit?usp=drive_link
dcss-4-math-add-thousands,4,Math,1,"What is 2,000 + 3,000?","5,000.",,pending,2026-08-31,2026-08-31,4.NR.2.1,,dcss-fy27-4-math-r18,I can fluently add multi-digit whole numbers to solve real-life mathematical problems.,https://docs.google.com/document/d/1TAS0QglfVU1PPBwCVThmtjVzBXyJloO4ldCLXgCDX_o/edit?usp=drive_link
dcss-4-math-add-money,4,Math,2,"A school raised $1,275 in August and $2,408 in September. How much altogether?","$3,683.",,pending,2026-08-31,2026-08-31,4.NR.2.1,,dcss-fy27-4-math-r18,I can fluently add multi-digit whole numbers to solve real-life mathematical problems.,https://docs.google.com/document/d/1TAS0QglfVU1PPBwCVThmtjVzBXyJloO4ldCLXgCDX_o/edit?usp=drive_link
dcss-4-math-add-missing,4,Math,3,"Two classes collect 4,000 cans altogether. One collects 1,685. How many does the other collect? Check with addition.","2,315 cans; 1,685 + 2,315 = 4,000.",,pending,2026-08-31,2026-08-31,4.NR.2.1,,dcss-fy27-4-math-r18,I can fluently add multi-digit whole numbers to solve real-life mathematical problems.,https://docs.google.com/document/d/1TAS0QglfVU1PPBwCVThmtjVzBXyJloO4ldCLXgCDX_o/edit?usp=drive_link
dcss-4-literacy-cause-rain,4,Literacy,1,Rain filled the bucket. What caused the bucket to fill?,The rain.,,pending,2026-08-10,2026-08-10,,Sessions 3–7,dcss-fy27-4-literacy-r13,I can explain cause-and-effect relationships within a text.,https://docs.google.com/document/d/1DMCCIDmTcvp03-m53YZouPJc8yG-Vx3ZYzV88FIlzfs/edit?usp=sharing
dcss-4-literacy-effect-missed,4,Literacy,2,"The bus left before Leo reached the stop, so he walked. What was the cause, and what was the effect?",Cause: the bus left before Leo arrived. Effect: Leo walked.,,pending,2026-08-10,2026-08-10,,Sessions 3–7,dcss-fy27-4-literacy-r13,I can explain cause-and-effect relationships within a text.,https://docs.google.com/document/d/1DMCCIDmTcvp03-m53YZouPJc8yG-Vx3ZYzV88FIlzfs/edit?usp=sharing
dcss-4-literacy-cause-evidence,4,Literacy,3,"A ball hit the stacked cups. The cups fell, and water spilled. Explain the chain of events using evidence from these sentences.","The ball hit the cups, causing them to fall; their falling caused the water to spill.",,pending,2026-08-10,2026-08-10,,Sessions 3–7,dcss-fy27-4-literacy-r13,I can explain cause-and-effect relationships within a text.,https://docs.google.com/document/d/1DMCCIDmTcvp03-m53YZouPJc8yG-Vx3ZYzV88FIlzfs/edit?usp=sharing
dcss-4-literacy-main-topic,4,Literacy,1,"Our class reads poems, writes poems, and shares poems. What is this text mostly about?",The class’s work with poems.,,pending,2026-08-31,2026-08-31,,Sessions 19–23,dcss-fy27-4-literacy-r18,I can use details from the text to identify and explain the main idea.,https://docs.google.com/document/d/1DMCCIDmTcvp03-m53YZouPJc8yG-Vx3ZYzV88FIlzfs/edit?usp=sharing
dcss-4-literacy-main-detail,4,Literacy,2,The club keeps the park clean. Members pick up litter and empty bins. Give the main idea and one supporting detail.,Main idea: the club keeps the park clean. Detail: members pick up litter or empty bins.,,pending,2026-08-31,2026-08-31,,Sessions 19–23,dcss-fy27-4-literacy-r18,I can use details from the text to identify and explain the main idea.,https://docs.google.com/document/d/1DMCCIDmTcvp03-m53YZouPJc8yG-Vx3ZYzV88FIlzfs/edit?usp=sharing
dcss-4-literacy-main-revise,4,Literacy,3,"The library lends books, offers story time, and hosts reading clubs. Is “The library only lends books” a good main idea? Explain and improve it.",No; “only” leaves out the other activities. Better: the library offers several ways to read and enjoy books.,,pending,2026-08-31,2026-08-31,,Sessions 19–23,dcss-fy27-4-literacy-r18,I can use details from the text to identify and explain the main idea.,https://docs.google.com/document/d/1DMCCIDmTcvp03-m53YZouPJc8yG-Vx3ZYzV88FIlzfs/edit?usp=sharing
dcss-4-science-weather-read,4,Science,1,Our chart says Monday: sunny; Tuesday: cloudy. What weather was recorded Tuesday?,Cloudy.,,pending,2026-08-10,"2026-08-10, 2026-08-17, 2026-08-24, 2026-08-31",S4E4.a,,dcss-fy27-4-science-r13,"I can collect, record, and analyze weather, cloud, and moon phase data to identify patterns and explain changes over time.",https://docs.google.com/document/d/1fMsdaVkqkBFjQOxbeoeDo6FNTYt9Z6XY9tO-XstCr8I/edit?usp=sharing
dcss-4-science-weather-compare,4,Science,2,"Cloud-cover notes: Monday clear, Tuesday partly cloudy, Wednesday fully cloudy. Describe the change.",The recorded cloud cover increased from clear to partly cloudy to fully cloudy.,,pending,2026-08-10,"2026-08-10, 2026-08-17, 2026-08-24, 2026-08-31",S4E4.a,,dcss-fy27-4-science-r13,"I can collect, record, and analyze weather, cloud, and moon phase data to identify patterns and explain changes over time.",https://docs.google.com/document/d/1fMsdaVkqkBFjQOxbeoeDo6FNTYt9Z6XY9tO-XstCr8I/edit?usp=sharing
dcss-4-science-weather-limits,4,Science,3,One day was rainy. Is that enough data to show a repeating weekly weather pattern? Explain.,No. One observation cannot show repetition; collect observations across more days and weeks.,,pending,2026-08-10,"2026-08-10, 2026-08-17, 2026-08-24, 2026-08-31",S4E4.a,,dcss-fy27-4-science-r13,"I can collect, record, and analyze weather, cloud, and moon phase data to identify patterns and explain changes over time.",https://docs.google.com/document/d/1fMsdaVkqkBFjQOxbeoeDo6FNTYt9Z6XY9tO-XstCr8I/edit?usp=sharing
dcss-4-social-studies-nation-person,4,Social Studies,1,Name a person from our Forming a New Nation lesson.,Teacher checks: the person appears in the taught lesson.,Have the taught lesson’s list of people and events available.,pending,2026-08-24,2026-08-24,SS4H1,,dcss-fy27-4-social-studies-r15,"I can explain how the United States was formed and describe the key people, events, and decisions that helped shape our nation.",https://docs.google.com/document/d/18IWmvRn8V1PiU9FKBpHvxt0RsP2kgjZHIFCeGtB4djM/edit?usp=drive_link
dcss-4-social-studies-nation-event,4,Social Studies,2,Choose an event from our lesson. Explain how it helped shape the new nation.,Teacher checks: the event and explanation agree with the taught source.,Use a specific already-taught event and its source material.,pending,2026-08-24,2026-08-24,SS4H1,,dcss-fy27-4-social-studies-r15,"I can explain how the United States was formed and describe the key people, events, and decisions that helped shape our nation.",https://docs.google.com/document/d/18IWmvRn8V1PiU9FKBpHvxt0RsP2kgjZHIFCeGtB4djM/edit?usp=drive_link
dcss-4-social-studies-nation-decision,4,Social Studies,3,Describe a decision from our lesson and one consequence. Use evidence from the lesson.,"Teacher checks: an accurate decision, a supported consequence, and relevant evidence.",Have the taught historical source or notes available.,pending,2026-08-24,2026-08-24,SS4H1,,dcss-fy27-4-social-studies-r15,"I can explain how the United States was formed and describe the key people, events, and decisions that helped shape our nation.",https://docs.google.com/document/d/18IWmvRn8V1PiU9FKBpHvxt0RsP2kgjZHIFCeGtB4djM/edit?usp=drive_link
dcss-5-math-volume-cubes,5,Math,1,"A solid is built from 18 unit cubes, with no gaps or overlaps. What is its volume?",18 cubic units.,,pending,2026-08-24,2026-08-24,5.GSR.8.4,,dcss-fy27-5-math-r12,I can find the volume of a rectangular prism by counting cubes or using a formula.,https://docs.google.com/document/d/17ST3ZsBNvVZxLA2F22dO33bfXSQMbe3vXq2d4zSNaVk/edit?usp=drive_link
dcss-5-math-volume-layers,5,Math,2,A rectangular prism has 4 layers of 6 unit cubes. What is its volume?,24 cubic units.,,pending,2026-08-24,2026-08-24,5.GSR.8.4,,dcss-fy27-5-math-r12,I can find the volume of a rectangular prism by counting cubes or using a formula.,https://docs.google.com/document/d/17ST3ZsBNvVZxLA2F22dO33bfXSQMbe3vXq2d4zSNaVk/edit?usp=drive_link
dcss-5-math-volume-dimensions,5,Math,3,"A rectangular prism is 5 units long, 3 units wide, and 2 units high. Find its volume and explain.",30 cubic units: 5 × 3 × 2 = 30. Each of two layers has 15 unit cubes.,,pending,2026-08-24,2026-08-24,5.GSR.8.4,,dcss-fy27-5-math-r12,I can find the volume of a rectangular prism by counting cubes or using a formula.,https://docs.google.com/document/d/17ST3ZsBNvVZxLA2F22dO33bfXSQMbe3vXq2d4zSNaVk/edit?usp=drive_link
dcss-5-math-multiply-ten,5,Math,1,What is 34 × 10?,340.,,pending,2026-08-31,2026-08-31,5.NR.2.1,,dcss-fy27-5-math-r15,I can multiply multi-digit whole numbers using place value strategies and the standard algorithm.,https://docs.google.com/document/d/17ST3ZsBNvVZxLA2F22dO33bfXSQMbe3vXq2d4zSNaVk/edit?usp=drive_link
dcss-5-math-multiply-partial,5,Math,2,Find 23 × 14 using partial products.,322: 23 × 10 = 230 and 23 × 4 = 92; 230 + 92 = 322.,,pending,2026-08-31,2026-08-31,5.NR.2.1,,dcss-fy27-5-math-r15,I can multiply multi-digit whole numbers using place value strategies and the standard algorithm.,https://docs.google.com/document/d/17ST3ZsBNvVZxLA2F22dO33bfXSQMbe3vXq2d4zSNaVk/edit?usp=drive_link
dcss-5-math-multiply-error,5,Math,3,A student writes 42 × 13 = 42 × 10 + 42 × 2. What is wrong? Find the correct product.,"13 = 10 + 3, not 10 + 2. The correct product is 420 + 126 = 546.",,pending,2026-08-31,2026-08-31,5.NR.2.1,,dcss-fy27-5-math-r15,I can multiply multi-digit whole numbers using place value strategies and the standard algorithm.,https://docs.google.com/document/d/17ST3ZsBNvVZxLA2F22dO33bfXSQMbe3vXq2d4zSNaVk/edit?usp=drive_link
dcss-5-literacy-setting-evidence,5,Literacy,1,"“At dawn, Jo waited beside the school gate.” Identify the setting details.",Time: dawn. Place: beside the school gate.,,pending,2026-08-03,"2026-08-03, 2026-08-10, 2026-08-17, 2026-08-24, 2026-08-31, 2026-09-07",5.T.T.1.a,Sessions 1–2,dcss-fy27-5-literacy-r9,"I can analyze the use of narrative techniques to present ideas, design texts, and convey information about characters, setting, and plot. (5.T.T.1.a)",https://docs.google.com/document/d/1K1Ea-3dAEB0p8H2hftqJnYl519c2rCo8oV7gzBslopQ/edit?usp=drive_link
dcss-5-literacy-character-action,5,Literacy,2,"“Even after missing three shots, Maya kept practicing.” What does this action suggest about Maya? Cite evidence.",She is persistent or determined; she keeps practicing after missing three shots.,,pending,2026-08-03,"2026-08-03, 2026-08-10, 2026-08-17, 2026-08-24, 2026-08-31, 2026-09-07",5.T.T.1.a,Sessions 1–2,dcss-fy27-5-literacy-r9,"I can analyze the use of narrative techniques to present ideas, design texts, and convey information about characters, setting, and plot. (5.T.T.1.a)",https://docs.google.com/document/d/1K1Ea-3dAEB0p8H2hftqJnYl519c2rCo8oV7gzBslopQ/edit?usp=drive_link
dcss-5-literacy-dialogue-inference,5,Literacy,3,"“I can’t wait!” Ari whispered, bouncing in his seat. How do the words and actions work together to reveal his feelings?",Both suggest excitement or eagerness: “I can’t wait” and bouncing in his seat support that inference.,,pending,2026-08-03,"2026-08-03, 2026-08-10, 2026-08-17, 2026-08-24, 2026-08-31, 2026-09-07",5.T.T.1.a,Sessions 1–2,dcss-fy27-5-literacy-r9,"I can analyze the use of narrative techniques to present ideas, design texts, and convey information about characters, setting, and plot. (5.T.T.1.a)",https://docs.google.com/document/d/1K1Ea-3dAEB0p8H2hftqJnYl519c2rCo8oV7gzBslopQ/edit?usp=drive_link
dcss-5-literacy-character-change,5,Literacy,1,"At first, Lee refused help. Later, Lee asked a friend for help. What changed?",Lee changed from refusing help to accepting or asking for it.,,pending,2026-08-03,2026-08-03,5.T.T.1.c,Sessions 1–2,dcss-fy27-5-literacy-r9,I can explain how a character changes and how that shows the theme of the story. (5.T.T.1.c),https://docs.google.com/document/d/1K1Ea-3dAEB0p8H2hftqJnYl519c2rCo8oV7gzBslopQ/edit?usp=drive_link
dcss-5-literacy-theme-help,5,Literacy,2,"Sam tried alone and struggled. After asking for help, Sam succeeded. What possible theme does this suggest?",Asking for help can help us succeed. Accept another theme supported by the events.,,pending,2026-08-03,2026-08-03,5.T.T.1.c,Sessions 1–2,dcss-fy27-5-literacy-r9,I can explain how a character changes and how that shows the theme of the story. (5.T.T.1.c),https://docs.google.com/document/d/1K1Ea-3dAEB0p8H2hftqJnYl519c2rCo8oV7gzBslopQ/edit?usp=drive_link
dcss-5-literacy-theme-evidence,5,Literacy,3,"Rae hid every mistake. After a friend shared a mistake, Rae admitted one and learned from it. Explain a possible theme using Rae’s change.",Being honest about mistakes can help us learn. Rae changes from hiding mistakes to admitting one and learning from it.,,pending,2026-08-03,2026-08-03,5.T.T.1.c,Sessions 1–2,dcss-fy27-5-literacy-r9,I can explain how a character changes and how that shows the theme of the story. (5.T.T.1.c),https://docs.google.com/document/d/1K1Ea-3dAEB0p8H2hftqJnYl519c2rCo8oV7gzBslopQ/edit?usp=drive_link
dcss-5-science-earth-processes,5,Science,1,Name one Earth-surface process from our lesson.,"Weathering, erosion, or deposition.",,pending,2026-08-10,"2026-08-10, 2026-08-17, 2026-08-24, 2026-08-31, 2026-09-07",S5E1,,dcss-fy27-5-science-r10,"I can describe how weathering, erosion and deposition changes Earth's surface over time.",https://docs.google.com/document/d/1LPIw0bonSe4C441V9viwC7TiAUpdIxg51thGZFiqFlY/edit?usp=drive_link
dcss-5-science-earth-observation,5,Science,2,Use our before-and-after pictures to describe one change to Earth’s surface.,Teacher checks: the described change is visible in the pictures and matches the taught investigation.,"Display a previously taught before-and-after weathering, erosion, or deposition example.",pending,2026-08-10,"2026-08-10, 2026-08-17, 2026-08-24, 2026-08-31, 2026-09-07",S5E1,,dcss-fy27-5-science-r10,"I can describe how weathering, erosion and deposition changes Earth's surface over time.",https://docs.google.com/document/d/1LPIw0bonSe4C441V9viwC7TiAUpdIxg51thGZFiqFlY/edit?usp=drive_link
dcss-5-science-earth-explanation,5,Science,3,Explain which taught process changed the surface in our example. Support your answer with an observation.,"Teacher checks: correctly identifies weathering, erosion, or deposition and connects it to evidence from the taught example.",Display an example already studied in class with an established explanation.,pending,2026-08-10,"2026-08-10, 2026-08-17, 2026-08-24, 2026-08-31, 2026-09-07",S5E1,,dcss-fy27-5-science-r10,"I can describe how weathering, erosion and deposition changes Earth's surface over time.",https://docs.google.com/document/d/1LPIw0bonSe4C441V9viwC7TiAUpdIxg51thGZFiqFlY/edit?usp=drive_link
dcss-5-social-studies-citizen-responsibility,5,Social Studies,1,Name a responsibility of a good citizen discussed in our lesson.,Teacher checks: a responsibility supported by the taught citizenship material.,Use the class citizenship notes or anchor chart.,pending,2026-08-24,"2026-08-24, 2026-08-31, 2026-09-07",SS5CG1,,dcss-fy27-5-social-studies-r12,I can explain the rights and responsibilities of good citizens and describe how businesses and government work together to meet the needs of communities.,https://docs.google.com/document/d/1-AWrtCJXD11Nm4OUBatj8qSDZh3DACsDZtragfs8eHg/edit?usp=drive_link
dcss-5-social-studies-citizen-right,5,Social Studies,2,Choose a right and a responsibility from our lesson. Explain the difference using those examples.,Teacher checks: the examples and distinction match the taught source.,Have the taught rights-and-responsibilities chart available.,pending,2026-08-24,"2026-08-24, 2026-08-31, 2026-09-07",SS5CG1,,dcss-fy27-5-social-studies-r12,I can explain the rights and responsibilities of good citizens and describe how businesses and government work together to meet the needs of communities.,https://docs.google.com/document/d/1-AWrtCJXD11Nm4OUBatj8qSDZh3DACsDZtragfs8eHg/edit?usp=drive_link
dcss-5-social-studies-citizen-impact,5,Social Studies,3,Describe how one responsible action by a citizen can help a community. Explain the connection.,Teacher checks: identifies a taught responsibility and explains a plausible community benefit.,,pending,2026-08-24,"2026-08-24, 2026-08-31, 2026-09-07",SS5CG1,,dcss-fy27-5-social-studies-r12,I can explain the rights and responsibilities of good citizens and describe how businesses and government work together to meet the needs of communities.,https://docs.google.com/document/d/1-AWrtCJXD11Nm4OUBatj8qSDZh3DACsDZtragfs8eHg/edit?usp=drive_link
